sexo;titulo;nome;sobrenome;cidade;estado;pais;email;data_nascimento;load_date
female;Mrs;Siril;Rezai;Ringvol;Troms - Romsa;Norway;siril.rezai@example.com;1980-06-10;2024-04-03 21:57:17
male;Mr;Jacob;Bouwmeester;Pekela;Zuid-Holland;Netherlands;jacob.bouwmeester@example.com;1947-06-30;2024-04-03 21:57:17
male;Mr;Dillon;Kuijpers;Kommerzijl;Noord-Brabant;Netherlands;dillon.kuijpers@example.com;1947-10-11;2024-04-03 21:57:17
male;Mr;Nathanaël;Fabre;Dijon;Finistère;France;nathanael.fabre@example.com;1976-12-25;2024-04-03 21:57:17
female;Miss;Neea;Ojala;Kirkkonummi;Northern Ostrobothnia;Finland;neea.ojala@example.com;1963-07-25;2024-04-03 21:57:17
female;Miss;Catherine;Mitchelle;Aurora;Vermont;United States;catherine.mitchelle@example.com;1952-09-05;2024-04-03 22:26:40
female;Miss;Inés;Vicente;San Sebastián;Cantabria;Spain;ines.vicente@example.com;1992-01-23;2024-04-03 22:26:40
male;Mr;آریا;کوتی;ساوه;همدان;Iran;ary.khwty@example.com;1951-06-14;2024-04-03 22:26:40
female;Miss;Diane;Ortiz;Wells;County Fermanagh;United Kingdom;diane.ortiz@example.com;1993-07-31;2024-04-03 22:26:40
male;Mr;Jonas;Johansen;Nørrebro;Hovedstaden;Denmark;jonas.johansen@example.com;1949-08-26;2024-04-03 22:26:40
male;Mr;Davut;Yetkiner;Erzincan;Kocaeli;Turkey;davut.yetkiner@example.com;1994-02-04;2024-04-05 02:20:52
male;Mr;Veer;Hiremath;Vasai-Virar;Puducherry;India;veer.hiremath@example.com;1988-08-12;2024-04-05 02:20:52
female;Miss;Lene;Vevle;Vestfossen;Hordaland;Norway;lene.vevle@example.com;1992-09-06;2024-04-05 02:20:52
male;Mr;Soham;Robertson;Adelaide;Australian Capital Territory;Australia;soham.robertson@example.com;1980-12-21;2024-04-05 02:20:52
female;Miss;Shylaja;Thampy;Bathinda;Delhi;India;shylaja.thampy@example.com;1973-05-30;2024-04-05 02:20:52
male;Mr;Mikita;Buchinskiy;Lebedin;Zhitomirska;Ukraine;mikita.buchinskiy@example.com;1998-02-04;2024-04-05 02:20:52
female;Madame;Alyssa;Rolland;Sainte-Croix;Fribourg;Switzerland;alyssa.rolland@example.com;1986-09-27;2024-04-05 02:20:52
female;Ms;Aubree;Powell;Tulsa;Utah;United States;aubree.powell@example.com;1980-12-05;2024-04-05 02:20:52
male;Mr;Pépio;Monteiro;Cubatão;Maranhão;Brazil;pepio.monteiro@example.com;1987-07-07;2024-04-05 02:20:52
male;Mr;Por;Harchuk;Hrustalniy;Zaporizka;Ukraine;por.harchuk@example.com;1998-06-06;2024-04-05 02:20:52
male;Mr;Dennis;Taylor;Enniscorthy;Westmeath;Ireland;dennis.taylor@example.com;1998-09-02;2024-04-05 02:22:49
female;Ms;Charlie;Chu;Aylmer;Prince Edward Island;Canada;charlie.chu@example.com;1949-03-01;2024-04-05 02:22:49
female;Ms;Ana;Vázquez;Cuenca;País Vasco;Spain;ana.vazquez@example.com;1948-03-23;2024-04-05 02:22:49
male;Mr;Mikael;Latt;Vieremä;Lapland;Finland;mikael.latt@example.com;2000-09-28;2024-04-05 02:22:49
female;Mrs;Fenny;Van Damme;Veenoord;Groningen;Netherlands;fenny.vandamme@example.com;1989-04-02;2024-04-05 02:22:49
male;Mr;Sebastian;Hansen;Hirtsals;Syddanmark;Denmark;sebastian.hansen@example.com;1992-06-21;2024-04-05 22:48:46
male;Mr;Hredhaan;Shet;Mehsana;Haryana;India;hredhaan.shet@example.com;1952-04-14;2024-04-05 22:48:46
female;Miss;Sien;Bassa;Muiden;Limburg;Netherlands;sien.bassa@example.com;1993-03-12;2024-04-05 22:48:46
male;Mr;Nonato;Aragão;Guarapari;Distrito Federal;Brazil;nonato.aragao@example.com;1984-05-06;2024-04-05 22:48:46
male;Mr;Naël;Michel;Grenoble;Savoie;France;nael.michel@example.com;1974-05-08;2024-04-05 22:48:46
female;Miss;Felecia;Little;Shreveport;South Dakota;United States;felecia.little@example.com;1973-04-24;2024-04-05 22:49:53
male;Mr;آریا;صدر;همدان;مرکزی;Iran;ary.sdr@example.com;1994-09-07;2024-04-05 22:49:53
female;Ms;Lyna;Vidal;Le Mans;Saône-et-Loire;France;lyna.vidal@example.com;1997-12-21;2024-04-05 22:49:53
female;Ms;Susan;Lynch;Letterkenny;Longford;Ireland;susan.lynch@example.com;1966-12-07;2024-04-05 22:49:53
female;Miss;Lumi;Perala;Siikalatva;Southern Ostrobothnia;Finland;lumi.perala@example.com;1965-12-05;2024-04-05 22:49:53
female;Ms;Emilie;Brown;Shelbourne;Québec;Canada;emilie.brown@example.com;1993-07-12;2024-04-05 22:50:45
female;Mrs;Lucy;Wallace;Wakefield;West Sussex;United Kingdom;lucy.wallace@example.com;1962-09-02;2024-04-05 22:50:45
male;Mr;Dušan;Čabarkapa;Sokobanja;Rasina;Serbia;dusan.cabarkapa@example.com;1994-05-12;2024-04-05 22:50:45
male;Mr;مهدي;قاسمی;زاهدان;سیستان و بلوچستان;Iran;mhdy.qsmy@example.com;1954-01-22;2024-04-05 22:50:45
male;Mr;Miloš;Lapčević;Loznica;Kolubara;Serbia;milos.lapcevic@example.com;1969-09-28;2024-04-05 22:50:45
male;Mr;Emile;Claire;Lafontaine;Northwest Territories;Canada;emile.claire@example.com;1950-03-02;2024-04-05 22:52:50
male;Mr;Rubén;Figueroa;Las Cañadas;Zacatecas;Mexico;ruben.figueroa@example.com;1983-04-05;2024-04-05 22:52:50
male;Mr;Ingmar;Kroken;Småland;Finnmark - Finnmárku;Norway;ingmar.kroken@example.com;1975-06-16;2024-04-05 22:52:50
female;Mrs;Fiona;Gardner;Kells;Westmeath;Ireland;fiona.gardner@example.com;1980-07-01;2024-04-05 22:52:50
male;Mr;Brayden;Sullivan;Waterford;Clare;Ireland;brayden.sullivan@example.com;1997-06-24;2024-04-05 22:52:50
male;Mr;Ljuba;Ćirković;Priboj;Central Banat;Serbia;ljuba.cirkovic@example.com;1960-08-23;2024-04-05 22:54:46
male;Mr;آرتين;محمدخان;یزد;چهارمحال و بختیاری;Iran;artyn.mhmdkhn@example.com;1962-06-02;2024-04-05 22:54:46
female;Mademoiselle;Viviana;Chevalier;Baltschieder;Graubünden;Switzerland;viviana.chevalier@example.com;1946-11-15;2024-04-05 22:54:46
male;Mr;Valtteri;Kari;Pyhtää;Northern Savonia;Finland;valtteri.kari@example.com;1977-04-20;2024-04-05 22:54:46
male;Mr;Roger;Cooper;New York;Arkansas;United States;roger.cooper@example.com;1968-10-30;2024-04-05 22:54:46
female;Miss;Hanna;Carpenter;Tullow;Wexford;Ireland;hanna.carpenter@example.com;1977-10-19;2024-04-05 22:55:29
male;Mr;Soham;Hayes;Newry;County Armagh;United Kingdom;soham.hayes@example.com;1975-02-13;2024-04-05 22:55:29
male;Mr;Hans-Adolf;Rabe;Augsburg;Niedersachsen;Germany;hans-adolf.rabe@example.com;1961-03-23;2024-04-05 22:55:29
male;Mr;Milo;Leclerc;Rouen;Aude;France;milo.leclerc@example.com;1978-10-31;2024-04-05 22:55:29
female;Mrs;Caroline;Pedersen;Øster Assels;Syddanmark;Denmark;caroline.pedersen@example.com;1963-04-06;2024-04-05 22:55:29
male;Mr;George;Wood;Wellington;Gisborne;New Zealand;george.wood@example.com;1949-06-08;2024-04-05 22:56:47
male;Mr;Don;Berry;Hervey Bay;South Australia;Australia;don.berry@example.com;1991-11-08;2024-04-05 22:56:47
female;Mrs;Jesús;Lorenzo;San Sebastián de Los Reyes;Canarias;Spain;jesus.lorenzo@example.com;1962-02-18;2024-04-05 22:56:47
male;Mr;Flynn;King;Dunedin;Wellington;New Zealand;flynn.king@example.com;1988-02-03;2024-04-05 22:56:47
male;Mr;Alex;Thompson;Napier;Marlborough;New Zealand;alex.thompson@example.com;2000-02-04;2024-04-05 22:56:47
female;Mrs;Cléa;Leclerc;Asnières-sur-Seine;Oise;France;clea.leclerc@example.com;1960-01-06;2024-04-05 22:58:31
male;Mr;Ethan;Howard;Tallahassee;Virginia;United States;ethan.howard@example.com;1986-05-13;2024-04-05 22:58:31
male;Mr;Nazario;Cavazos;Villa de Méndez;Michoacan;Mexico;nazario.cavazos@example.com;1971-04-27;2024-04-05 22:58:31
female;Mrs;Delores;Morris;Nashville;Georgia;United States;delores.morris@example.com;1952-07-04;2024-04-05 22:58:31
female;Miss;Isabella;Chen;Nelson;Auckland;New Zealand;isabella.chen@example.com;1980-04-11;2024-04-05 22:58:31
male;Mr;Siddharth;Patil;Akola;Haryana;India;siddharth.patil@example.com;2000-12-04;2024-04-05 22:58:46
female;Mrs;Svitolika;Kuzemskiy;Balakliya;Chernivecka;Ukraine;svitolika.kuzemskiy@example.com;2000-04-12;2024-04-05 22:58:46
female;Ms;Ingeburg;Weinberger;Leinfelden-Echterdingen;Brandenburg;Germany;ingeburg.weinberger@example.com;1973-07-09;2024-04-05 22:58:46
female;Mrs;Jovana;Ivančević;Loznica;Pomoravlje;Serbia;jovana.ivancevic@example.com;1972-03-27;2024-04-05 22:58:46
male;Mr;Matt;Rodriquez;Sunderland;Shropshire;United Kingdom;matt.rodriquez@example.com;1968-05-31;2024-04-05 22:58:46
